text,label,source_url
"Bumrah's economy rate in death overs has dropped from 9.2 in 2019 to 7.8 in 2023, which directly corresponds to his increased use of wide yorkers in the final 4 overs — he now bowls 35% more outside off stump in that phase.",analysis,https://www.reddit.com/r/Cricket/comments/series_discussion_ind_eng/
"The reason England's Bazball approach works at home but struggles in Asia is structural. English county pitches reward front-foot play and loose driving. In Lahore or Nagpur, the same shots get punished by lateral movement and variable bounce that county conditions simply don't produce.",analysis,https://www.reddit.com/r/Cricket/comments/series_discussion_ind_eng/
"Headingley has historically favoured teams batting second since 2018. In 7 Tests, teams chasing have won 5, and the pattern corresponds to the pitch getting lower and slower after day two rather than seaming further.",analysis,https://www.reddit.com/r/Cricket/comments/series_discussion_ind_eng/
"India's selection of three spinners at Lord's made statistical sense — pitch data from the last 5 Tests there shows spin taking 42% of wickets in games going to day 4 and beyond.",analysis,https://www.reddit.com/r/Cricket/comments/series_discussion_ind_eng/
"Root's conversion rate from fifties to hundreds in Tests is 43%, which places him in the top 10 among batters with more than 100 innings. The criticism that he doesn't convert is mostly driven by memory of specific high-profile failures, not the overall pattern.",analysis,https://www.reddit.com/r/Cricket/comments/goat_debate_thread/
"Pakistan struggle in South Africa primarily because their top-order averages 24.3 against bowling attacks averaging above 88 mph, compared to 47.1 against slower attacks. South Africa's pace battery is the core structural problem.",analysis,https://www.reddit.com/r/Cricket/comments/series_discussion_ind_eng/
"Ashwin takes 71% of his wickets with the carrom ball and the off-break to right-handers. Left-handers have a measurably better record against him — they average 38.4 versus his career average of 24.9.",analysis,https://www.reddit.com/r/Cricket/comments/goat_debate_thread/
"The pitch at the Oval has historically produced the highest first-innings averages of any England ground over the past decade. Only once in the last 8 Tests has the team bowling first won there.",analysis,https://www.reddit.com/r/Cricket/comments/series_discussion_ind_eng/
"T20 batting averages are misleading without strike rate context. A batter averaging 32 at SR 120 contributes less run value per ball than one averaging 22 at SR 165. The latter is more productive in a 20-over game.",analysis,https://www.reddit.com/r/Cricket/comments/goat_debate_thread/
"Anderson's wicket-taking rate with the Dukes ball is nearly 30% higher than with the Kookaburra. His effectiveness in overseas Tests has always been constrained by ball technology, not his actual skills.",analysis,https://www.reddit.com/r/Cricket/comments/goat_debate_thread/
"Australia's record in Day-Night Tests is significantly better at home than away — 9 wins from 11 at home versus 3 from 7 away. The pink ball moves less under southern hemisphere lights, which is the structural home advantage.",analysis,https://www.reddit.com/r/Cricket/comments/series_discussion_ind_eng/
"Stokes' batting in Test cricket shows a clear improvement against spin since 2022 — his sweep shot percentage has gone from 8% to 21% of balls faced against spinners, and his average against them has risen from 28 to 41.",analysis,https://www.reddit.com/r/Cricket/comments/goat_debate_thread/
"When the top three in an opposition average a combined 147 in the first innings at Edgbaston, you need an extra attacking bowling option. Playing five bowlers there was statistically reasonable.",analysis,https://www.reddit.com/r/Cricket/comments/series_discussion_ind_eng/
"Williamson's dismissal rate when pulling on off stump is near zero because he simply doesn't play that shot. His pull shot discipline against deliveries outside off stump is supported by his shot selection data over the past six years.",analysis,https://www.reddit.com/r/Cricket/comments/goat_debate_thread/
"Third-umpire DRS success rates in Australia have been 71% since 2019, compared to the global average of 63%. The newest Hawkeye technology installed in 2018 may be a contributing factor.",analysis,https://www.reddit.com/r/Cricket/comments/series_discussion_ind_eng/
"Kohli's average against left-arm pace (54.2) is significantly higher than against right-arm pace (47.3). He's better when the ball naturally swings away rather than cutting back — consistent with his open-stance technique.",analysis,https://www.reddit.com/r/Cricket/comments/goat_debate_thread/
"New Zealand's home record under Williamson is 22W-8L-4D over 34 Tests, but their away record drops to 11W-14L-6D. The difference is primarily the Dukes ball — their quicks rely heavily on swing that the Kookaburra doesn't provide.",analysis,https://www.reddit.com/r/Cricket/comments/goat_debate_thread/
"Opening partnerships of under 10 balls correlate with higher T20 totals than partnerships of 20-30 balls. Quick early wickets force the batting side to rebuild with power hitters rather than anchors.",analysis,https://www.reddit.com/r/Cricket/comments/series_discussion_ind_eng/
"Jadeja's Test batting average of 37.4 undervalues his contribution because 60% of his innings are lower-order, where balls-per-run matters more than average. His run production rate in those positions is better than most specialist number sevens.",analysis,https://www.reddit.com/r/Cricket/comments/goat_debate_thread/
"England hit boundaries on 24% of balls in overs 1-10 in 2019 ODIs. By 2023 that figure is 31%, driven by Buttler's pattern of targeting the third man and fine leg gaps in the first over.",analysis,https://www.reddit.com/r/Cricket/comments/series_discussion_ind_eng/
"A 10-point improvement in average among a Test side's top-6 correlates with approximately 1.3 more Test wins per series, based on ICC records since 2000. The relationship between batting average and team success is stronger in Tests than in shorter formats.",analysis,https://www.reddit.com/r/Cricket/comments/goat_debate_thread/
"McCullum's career average of 38.6 masks significant variance — 42.1 against sides ranked 7-12 versus 29.4 against the top 6. He was excellent but feasted more on weaker attacks than the headline average suggests.",analysis,https://www.reddit.com/r/Cricket/comments/goat_debate_thread/
"Trent Bridge has the highest percentage of pace wickets (78%) of any ICC Test venue in the last decade. Picking three spinners there regardless of opposition is indefensible based on the conditions data.",analysis,https://www.reddit.com/r/Cricket/comments/series_discussion_ind_eng/
"Sri Lanka's decline in Test cricket correlates directly with their pace bowling depth drying up after 2015. When Fernando, Lakmal, and Mathews were all available, their attack averaged 27. The current attack averages 36.",analysis,https://www.reddit.com/r/Cricket/comments/goat_debate_thread/
"In 73 Tests at the SCG since 1990, spinners have taken 44% of wickets — the only Australian ground where spin is genuinely worth picking. Australian selectors have been consistently slow to adjust to this.",analysis,https://www.reddit.com/r/Cricket/comments/series_discussion_ind_eng/
"Shoaib Akhtar's career economy rate was 3.62, elite for a fast bowler. People remember his expensive spells and forget the 6-maiden overs against Tendulkar in Kolkata. Memory distorts his legacy.",analysis,https://www.reddit.com/r/Cricket/comments/goat_debate_thread/
"Since DRS was introduced, the proportion of LBWs given out on the front foot has risen from 31% to 47%. Umpires were historically reluctant to give those out without technology to confirm the projection.",analysis,https://www.reddit.com/r/Cricket/comments/series_discussion_ind_eng/
"India's away Test record improves when they play two spinners rather than three. Away bowling average with pace-heavy lineups: 29.8. With spin-heavy lineups: 33.1. The temptation to play an extra spinner overseas costs them.",analysis,https://www.reddit.com/r/Cricket/comments/series_discussion_ind_eng/
"Smith averaged 73 sweeping in the 2019 Ashes — more than at any previous point in his career. The sweep shot was the primary mechanism by which he neutralised Leach and made himself almost unplayable.",analysis,https://www.reddit.com/r/Cricket/comments/goat_debate_thread/
"Babar Azam's ODI average of 59.3 places him statistically among the all-time top-10 in that format. His strike rate adjusted for conditions (removing Pakistan and neutral venues) rises from 88.6 to 92.4.",analysis,https://www.reddit.com/r/Cricket/comments/goat_debate_thread/
"Sri Lanka win 78% of Tests in Galle when they include two spinners. The pitch deteriorates rapidly on day 3, creating variable bounce that specialists exploit far better than a single spinner can.",analysis,https://www.reddit.com/r/Cricket/comments/series_discussion_ind_eng/
"Fast bowlers peak later than batters — career peak around 26-28 versus 24-26 for batters. Batting is primarily reflexive skill developed through volume; fast bowling requires specific muscular development that takes longer to optimise.",analysis,https://www.reddit.com/r/Cricket/comments/goat_debate_thread/
"Batters who face Jadeja for 15+ overs before facing Ashwin average 22% lower against Ashwin. The rough and the mental fatigue from facing contrasting spin creates a compounding effect when the pair bowl together.",analysis,https://www.reddit.com/r/Cricket/comments/series_discussion_ind_eng/
"The ICC rankings use a decay multiplier of 0.86 per year, meaning a result from two years ago counts for only 74% of its original weight. The system is designed to reflect current form, not historical dominance.",analysis,https://www.reddit.com/r/Cricket/comments/goat_debate_thread/
"The average first-innings score at Centurion is 351, highest in South Africa. Teams batting first are the statistical favourite there, yet teams regularly choose to bowl — a consistent tactical error by visiting captains.",analysis,https://www.reddit.com/r/Cricket/comments/series_discussion_ind_eng/
"Rohit Sharma's average against left-arm pace improved from 29.4 to 51.2 between 2019 and 2023. The change corresponds to a technical adjustment — he stopped reaching for deliveries on the fourth stump and started leaving more.",analysis,https://www.reddit.com/r/Cricket/comments/goat_debate_thread/
"Bangladesh consistently play one fewer specialist bowler than top teams in ICC knockouts, relying on part-timers for 10-15% of their overs in high-pressure games. This structural choice explains much of their tournament underperformance.",analysis,https://www.reddit.com/r/Cricket/comments/series_discussion_ind_eng/
"KL Rahul's Test average of 52 is misleading — 60% of his innings have been at home. His away average is 34.6, below the threshold for a reliable top-three batter in Test cricket.",analysis,https://www.reddit.com/r/Cricket/comments/goat_debate_thread/
"Buttler's T20I captaincy win rate of 68% drops to 54% in overseas conditions. The headline figure is inflated by a heavy representation of home and neutral-venue fixtures.",analysis,https://www.reddit.com/r/Cricket/comments/series_discussion_ind_eng/
"West Indies sustained their golden era (1975-1995) through a specific structural condition: regional domestic cricket was highly competitive, producing 3-4 fast bowlers per generation. The decline after 1995 tracks directly with the reduction in annual first-class matches.",analysis,https://www.reddit.com/r/Cricket/comments/goat_debate_thread/
"Adelaide bounces at 19 degrees on average versus 23 degrees at Perth. This 4-degree difference produces dramatically different bat-pad gaps and accounts for most of the perception that Adelaide suits batters better.",analysis,https://www.reddit.com/r/Cricket/comments/series_discussion_ind_eng/
"Pakistan's overall ODI head-to-head record against India is 73-55 in India's favour, not zero. The '0 wins in ICC tournaments' statistic ignores that these are 7 high-pressure knockout games, not representative of the broader head-to-head.",analysis,https://www.reddit.com/r/Cricket/comments/goat_debate_thread/
"Teams with two specialist Test spinners in their squad win 61% of Tests in subcontinental conditions. Teams with one specialist spinner win only 37%. The data strongly supports the two-spinner selection in Asia.",analysis,https://www.reddit.com/r/Cricket/comments/series_discussion_ind_eng/
"Starc's wobble seam is responsible for 28% of his LBW dismissals. Without it, his LBW rate halves. This explains why he's significantly more dangerous in new-ball conditions than when the ball is 40+ overs old.",analysis,https://www.reddit.com/r/Cricket/comments/series_discussion_ind_eng/
"Root averages 28.4 against left-arm spin versus 44.6 against right-arm spin — a consistent technical weakness where he plays across the line against deliveries angling away. Coaches have been aware of this pattern since 2016.",analysis,https://www.reddit.com/r/Cricket/comments/goat_debate_thread/
"Players who play 12+ IPL games per year show a 4.2% decline in Test batting average in the 3 months after the tournament. Overall annual averages are unaffected, suggesting short-term fatigue rather than long-term damage.",analysis,https://www.reddit.com/r/Cricket/comments/series_discussion_ind_eng/
"Teams batting second in the Adelaide pink ball window from 7:30-9:30pm score at 2.8 runs per over versus 3.6 at other times. The movement in that specific window is the critical variable in Day-Night Test planning.",analysis,https://www.reddit.com/r/Cricket/comments/series_discussion_ind_eng/
"Shubman Gill averages 18 against short balls in the fourth-stump zone from fast bowlers in Tests. Before his next overseas tour, this is the specific technical area where he'll face the most sustained probing.",analysis,https://www.reddit.com/r/Cricket/comments/series_discussion_ind_eng/
"Zimbabwe's Test win percentage of 12% is higher than Bangladesh's equivalent figure at the same stage of their Test history (8%), yet Zimbabwe play significantly fewer fixtures. The allocation disparity is not supported by performance data.",analysis,https://www.reddit.com/r/Cricket/comments/goat_debate_thread/
"McCullum's 302 against India in 2014 is a statistical outlier that inflates his career average from 36.2 to 38.6. The impact of one enormous innings on how we discuss a player's legacy deserves more acknowledgement.",analysis,https://www.reddit.com/r/Cricket/comments/goat_debate_thread/
"Pant's wicketkeeping dismissal rate per match (3.4) is above average, but his stumping rate (0.3 per match) is significantly below Dhoni's comparable figure (0.6). His strength is catching; his reading of spin for stumpings lags behind.",analysis,https://www.reddit.com/r/Cricket/comments/goat_debate_thread/
"England's pace attack in 2023 had a combined bowling average of 24.3 with five bowlers simultaneously considered top-10 in the world — the strongest depth they've assembled since the Anderson-Broad era began.",analysis,https://www.reddit.com/r/Cricket/comments/series_discussion_ind_eng/
"Teams scoring 170+ at more than 8.5 runs per over in the first 10 overs of a T20 win 73% of the time. Below that par rate in the powerplay, even 200+ totals don't achieve the same win probability.",analysis,https://www.reddit.com/r/Cricket/comments/series_discussion_ind_eng/
"India's short-ball problem is a preparation issue, not a technique issue at the top level. Domestic red-ball cricket in India rarely produces consistent short-pitch bowling because pitches are slow. The top-order simply doesn't face enough of it.",analysis,https://www.reddit.com/r/Cricket/comments/goat_debate_thread/
"Since 2015, the team winning the toss and batting first wins 43% of Tests — essentially the same as the 41% win rate for teams forced to bat second. Toss advantage has been overstated; pitch reading matters more.",analysis,https://www.reddit.com/r/Cricket/comments/series_discussion_ind_eng/
"Rabada now delivers 18% more short balls than in his first five years, matching the pattern where batters dismissed him primarily to bouncers early in his career. He has adjusted his style to lean into his most productive dismissal type.",analysis,https://www.reddit.com/r/Cricket/comments/series_discussion_ind_eng/
"Nathan Lyon's top-order dismissal rate is among the best in the world for off-spinners, yet 34% of his wickets are batters ranked 1-5 in the opposition lineup. The narrative that he's a tail-hunter is not supported by the wicket breakdown.",analysis,https://www.reddit.com/r/Cricket/comments/goat_debate_thread/
"Mankading dismissals account for fewer than 0.01% of runouts over the last 20 years. The Law permits it, but the social contract against using it is so strong that its near-zero frequency is itself a data point about cricket's culture.",analysis,https://www.reddit.com/r/Cricket/comments/series_discussion_ind_eng/
"Stokes' bowling average has risen from 32.4 pre-2021 to 41.2 post-2021 after his injury. His value was always multi-dimensional — the bowling average alone doesn't capture his impact on batting order positioning and team morale.",analysis,https://www.reddit.com/r/Cricket/comments/goat_debate_thread/
"Kohli's away Test average of 46.2 is significantly higher than the average of all batters in those same conditions (~35), directly contradicting the narrative that he has a technique weakness outside India.",analysis,https://www.reddit.com/r/Cricket/comments/goat_debate_thread/
"Number 11 batters significantly outperform expectations when facing a bowler in their 20th or more over. Bowling fatigue creates enough margin for last-wicket partnerships, which is why genuine tail-enders who can block add measurable value.",analysis,https://www.reddit.com/r/Cricket/comments/series_discussion_ind_eng/
"New Zealand average 5.6 batting positions used in the first 10 wickets across a series, highest of any Test team. Their batting flexibility is measurable, not just a coaching talking point.",analysis,https://www.reddit.com/r/Cricket/comments/goat_debate_thread/
"Pitch data from 500 Tests since 2010 shows the average balls-per-wicket on days 1-2 is 42.3 versus 44.1 on days 3-5. The narrative that pitches flatten out dramatically after day two is statistically weak — the difference is marginal.",analysis,https://www.reddit.com/r/Cricket/comments/series_discussion_ind_eng/
"Smith's unusual batting stance increases his eyes-on-ball contact time by approximately 0.03 seconds compared to orthodox technique. He picks up length earlier not because of a quirk but because of a measurable biomechanical advantage.",analysis,https://www.reddit.com/r/Cricket/comments/goat_debate_thread/
"Heather Knight's batting average in women's Tests adjusts to above 50 when you remove matches in Asia where her away record is notably weaker. Her home performances are elite-level by any historical comparison in women's Test cricket.",analysis,https://www.reddit.com/r/Cricket/comments/goat_debate_thread/
"Afghanistan's spin attack has the highest wicket-taking rate against right-handed batters of any associate nation. Mujeeb, Rashid, and Nabi create a multi-angle problem — off-break, leg-break, and left-arm unorthodox — that top teams under-prepare for.",analysis,https://www.reddit.com/r/Cricket/comments/series_discussion_ind_eng/
"Players who spent three or more IPL seasons showed a 15% improvement in balls-per-boundary in other T20 leagues. The IPL's high-pressure conditions appear to force faster batting decision-making that transfers across formats.",analysis,https://www.reddit.com/r/Cricket/comments/series_discussion_ind_eng/
"Rohit Sharma is the most overrated Test opener in cricket history. Averages 50 at home and collapses abroad every single time. People treat him like a legend when his away record doesn't back that up at all.",hot_take,https://www.reddit.com/r/Cricket/comments/goat_debate_thread/
"T20 cricket has ruined this generation of batters. Every single one of them tries to hit over mid-off before they've got in and it's embarrassing to watch.",hot_take,https://www.reddit.com/r/Cricket/comments/goat_debate_thread/
"Root is not a match-winner. He's a flat-track bully who piles on runs when England are already winning. I've never once seen him rescue a Test match from a genuinely bad position.",hot_take,https://www.reddit.com/r/Cricket/comments/goat_debate_thread/
"Bazball is a fad and it will fall apart the moment England face a top-3 side in Asia. It works because they play most of their Tests at home. Just wait and see.",hot_take,https://www.reddit.com/r/Cricket/comments/series_discussion_ind_eng/
"The BCCI is actively destroying Test cricket. Every decision they make prioritises IPL revenue over the health of the game and the ICC lets them because they need the money. Full stop.",hot_take,https://www.reddit.com/r/Cricket/comments/goat_debate_thread/
"MS Dhoni is massively overrated as a captain. India under him failed in England and South Africa repeatedly and people act like he won everything. The stats simply don't back the legend.",hot_take,https://www.reddit.com/r/Cricket/comments/goat_debate_thread/
"No batter from the current era would survive five days of pace bowling in the 1980s West Indies. They're all mentally soft and technically limited and cricket just doesn't test them the same way anymore.",hot_take,https://www.reddit.com/r/Cricket/comments/goat_debate_thread/
"Kohli's ego is the biggest single problem in Indian cricket right now. He can't handle being dropped, he publicly undermines captains, and he is the reason India struggles with team chemistry.",hot_take,https://www.reddit.com/r/Cricket/comments/goat_debate_thread/
"The Ashes is the only series that actually matters in cricket. Everything else is basically a friendly.",hot_take,https://www.reddit.com/r/Cricket/comments/goat_debate_thread/
"Warne was a better match-winner than Murali. You can have all the wickets in the world but Warne turned games from nowhere. Murali just bowled teams out. There's a real difference between the two.",hot_take,https://www.reddit.com/r/Cricket/comments/goat_debate_thread/
"Ben Stokes has been the most valuable cricketer on the planet since 2019. Not close. Kohli, Root, Smith — none of them come close when you factor in both batting and bowling match impact.",hot_take,https://www.reddit.com/r/Cricket/comments/goat_debate_thread/
"Pakistan will never win a major tournament again. Their cricket board is too corrupt and their players are too undisciplined. It's structural and no captain can fix it.",hot_take,https://www.reddit.com/r/Cricket/comments/goat_debate_thread/
"Test cricket is dying and the administrators don't care. They just want to sell T20 rights and let the purest form of the game wither away. It'll be gone in 20 years.",hot_take,https://www.reddit.com/r/Cricket/comments/goat_debate_thread/
"Rishabh Pant is the most exciting cricketer alive. Any team, any format, any conditions — he changes the game every single time he walks to the crease.",hot_take,https://www.reddit.com/r/Cricket/comments/goat_debate_thread/
"England's batting is pathetic outside home conditions. They cannot cope with heat, bad pitches, or genuine pace. Bazball is a home-conditions trick that falls apart under real pressure.",hot_take,https://www.reddit.com/r/Cricket/comments/series_discussion_ind_eng/
"Maxwell is the best T20 batter to ever play the game. I don't want to hear about Gayle or de Villiers — Maxwell's consistency and match-winning ability at the highest level eclipses both of them.",hot_take,https://www.reddit.com/r/Cricket/comments/goat_debate_thread/
"The ICC is completely incompetent. Every tournament they run has at least one scheduling disaster or embarrassing officiating moment and they just ignore the criticism every single time.",hot_take,https://www.reddit.com/r/Cricket/comments/goat_debate_thread/
"Virat Kohli is the greatest batter of his generation. Not debatable. Anyone putting Root ahead of him is just being contrarian or is English.",hot_take,https://www.reddit.com/r/Cricket/comments/goat_debate_thread/
"One-Day cricket is boring and should be replaced entirely by T20. The 50-over game is the worst version — too long for casual fans, too short for purists, and completely irrelevant now.",hot_take,https://www.reddit.com/r/Cricket/comments/goat_debate_thread/
"Australia only win because they play more at home. Their away record over the last decade is nothing special. The travel advantages they have make their home stats almost meaningless.",hot_take,https://www.reddit.com/r/Cricket/comments/series_discussion_ind_eng/
"The referral system is too complicated and takes all the fun out of watching cricket. Just let the umpire's decision stand. The game was unambiguously better before the technology.",hot_take,https://www.reddit.com/r/Cricket/comments/series_discussion_ind_eng/
"Sachin Tendulkar is the GOAT and no one from this era even comes close. They play on flatter pitches with better bats against weaker attacks. His 200 Test caps are the benchmark and always will be.",hot_take,https://www.reddit.com/r/Cricket/comments/goat_debate_thread/
"Anderson will never have an impact overseas at his age. He should retire and give a young bowler the chance. The sentimentality around him is actively clouding selection decisions.",hot_take,https://www.reddit.com/r/Cricket/comments/series_discussion_ind_eng/
"Bangladesh should not be a Test nation. Their results are an embarrassment and they're clearly not at the standard required. It's insulting to the proper Test teams they play against.",hot_take,https://www.reddit.com/r/Cricket/comments/goat_debate_thread/
"Smith would fail against the genuine pace attack West Indies had in the 1980s. Every modern batter is judged against weaker standards and we need to stop pretending the comparison is valid.",hot_take,https://www.reddit.com/r/Cricket/comments/goat_debate_thread/
"The IPL has made every Indian batter mentally weak against pace. Watch them against genuine 90mph bowling in England or South Africa. They panic every single time.",hot_take,https://www.reddit.com/r/Cricket/comments/series_discussion_ind_eng/
"The switch hit should be banned immediately. It completely negates a bowler's ability to set a field and it is not cricket in any meaningful sense of the word.",hot_take,https://www.reddit.com/r/Cricket/comments/series_discussion_ind_eng/
"De Villiers was the most talented batter ever. In any era, any format, he would have dominated. The fact he retired early just shows he was too good for the game to hold his interest.",hot_take,https://www.reddit.com/r/Cricket/comments/goat_debate_thread/
"England's problem is mental. They have the talent but they fall apart in pressure games every single time. It's a cultural thing — they're just not ruthless enough.",hot_take,https://www.reddit.com/r/Cricket/comments/series_discussion_ind_eng/
"Anderson is a flat-track bully who can't take wickets outside England. Look at his overseas stats honestly and then tell me he's the greatest pace bowler of all time. He simply isn't.",hot_take,https://www.reddit.com/r/Cricket/comments/goat_debate_thread/
"India should never send a second-string team to any ICC tournament. It disrespects the game and every other nation that has fought to qualify.",hot_take,https://www.reddit.com/r/Cricket/comments/series_discussion_ind_eng/
"Lara at his peak was untouchable. The technical ability, the shot range, the big innings under pressure — no batter since has come close to what he was from 1994 to 2004.",hot_take,https://www.reddit.com/r/Cricket/comments/goat_debate_thread/
"AB de Villiers refusing to come out of retirement for the 2019 World Cup is the most selfish thing a cricketer has done in my lifetime.",hot_take,https://www.reddit.com/r/Cricket/comments/goat_debate_thread/
"Hardik Pandya is overrated as a Test option. He will never be reliable enough with the bat to justify playing as a batting allrounder in Tests and his bowling won't hold up over five days.",hot_take,https://www.reddit.com/r/Cricket/comments/series_discussion_ind_eng/
"Broad and Anderson should have both been dropped years ago. Keeping veterans in the side because of reputation rather than current form is cricket's worst selection habit.",hot_take,https://www.reddit.com/r/Cricket/comments/series_discussion_ind_eng/
"The World Test Championship is meaningless. The final should be played on neutral ground by the top two sides at the end of a proper league season, not by whoever wins a complicated points formula.",hot_take,https://www.reddit.com/r/Cricket/comments/goat_debate_thread/
"Headingley 2019 was the greatest Test innings ever played. Nothing else comes close in terms of pressure, context, and a player delivering when it mattered most in his career.",hot_take,https://www.reddit.com/r/Cricket/comments/goat_debate_thread/
"England need to stop worrying about batting first and just play their natural game. The over-thinking around conditions and tosses is what's killing their performances every time.",hot_take,https://www.reddit.com/r/Cricket/comments/series_discussion_ind_eng/
"Every cricket fan knows that playing in India is the ultimate test for any touring side. Anyone who can average 40+ there earns legendary status regardless of everything else.",hot_take,https://www.reddit.com/r/Cricket/comments/goat_debate_thread/
"West Indies cricket is a tragedy that could have been avoided. The CPL and regional boards fought over money while the team declined from the best in the world to barely competitive. Pure leadership failure.",hot_take,https://www.reddit.com/r/Cricket/comments/goat_debate_thread/
"Stokes is the best Test match player of his generation. Not just England — the world. Kohli, Smith, and Root are better accumulators but Stokes wins Tests and that is what the game is for.",hot_take,https://www.reddit.com/r/Cricket/comments/goat_debate_thread/
"Gill is going to be the best batter in the world in two years. I've never been more confident in a prediction about a young player. The technique is there, the temperament is there.",hot_take,https://www.reddit.com/r/Cricket/comments/goat_debate_thread/
"World cricket's obsession with T20 is making the sport worse. If this continues, the next generation will only know how to slog and the technique required for Test cricket will be lost forever.",hot_take,https://www.reddit.com/r/Cricket/comments/goat_debate_thread/
"Ireland are the most exciting emerging Test team in cricket and they deserve more fixtures. Their players are hungry and their cricket culture is growing in ways that will surprise the establishment.",hot_take,https://www.reddit.com/r/Cricket/comments/goat_debate_thread/
"New Zealand are consistently the most boring team to watch. Professional, efficient, always competitive — but no characters and honestly no one outside New Zealand genuinely wants them to win.",hot_take,https://www.reddit.com/r/Cricket/comments/goat_debate_thread/
"Pakistan vs India should be a bilateral series every two years. The refusal to play is embarrassing and neither board has the courage to push for it because they're scared of the backlash.",hot_take,https://www.reddit.com/r/Cricket/comments/goat_debate_thread/
"Cook is massively underrated by modern cricket fans who never saw him bat. His record in Asia isn't great but his ability to occupy the crease and build an innings was as good as anyone's.",hot_take,https://www.reddit.com/r/Cricket/comments/goat_debate_thread/
"Cricket has a serious slow-over-rate problem that the ICC refuses to address seriously. Until captains face match bans rather than just fines, nothing will change. It's that simple.",hot_take,https://www.reddit.com/r/Cricket/comments/series_discussion_ind_eng/
"Bradman's records are irrelevant. He played 52 Tests against a maximum of 5 opponents in an era with no flight travel, no nutritional science, and much easier pitches. Stop comparing him to modern players.",hot_take,https://www.reddit.com/r/Cricket/comments/goat_debate_thread/
"The best T20 bowler of all time is Malinga. Full stop. His death bowling record, his yorker accuracy, his variations — no one comes close when it matters most in the last 4 overs.",hot_take,https://www.reddit.com/r/Cricket/comments/goat_debate_thread/
"India away from home in Tests is not the same team as India at home. The transformation is embarrassing and it suggests the preparation and coaching approach is fundamentally wrong for overseas conditions.",hot_take,https://www.reddit.com/r/Cricket/comments/series_discussion_ind_eng/
"South Africa are consistent underachievers at ICC tournaments. The talent is always there. The infrastructure is always there. And then they find a way to lose. It is psychological and I don't think it will ever change.",hot_take,https://www.reddit.com/r/Cricket/comments/goat_debate_thread/
"If cricket wants to grow globally, it needs to fix the broadcast rights situation. You cannot build a new fanbase if games are behind paywalls and inaccessible to people in non-traditional cricket markets.",hot_take,https://www.reddit.com/r/Cricket/comments/goat_debate_thread/
"Warne's sledging was just as important as his bowling. The psychological dimension of what he did against opposition batters — especially against England — was underappreciated for most of his career.",hot_take,https://www.reddit.com/r/Cricket/comments/goat_debate_thread/
"Mitchell Johnson in 2013-14 was the most terrifying fast bowler I have ever seen. That Ashes would have been different if England's batters had faced him at their absolute peak rather than late in his career.",hot_take,https://www.reddit.com/r/Cricket/comments/goat_debate_thread/
"The toss is too decisive in Test cricket and they should abolish it or force both captains to make the same decision. Too many series are decided by coin flip rather than skill.",hot_take,https://www.reddit.com/r/Cricket/comments/series_discussion_ind_eng/
"Any selection system that drops an in-form batter because their average is 'just' 45 is broken. Form matters more than historical numbers and everyone in this thread knows it.",hot_take,https://www.reddit.com/r/Cricket/comments/series_discussion_ind_eng/
"YESSSSS!! What an absolute catch!! He came from nowhere!! I cannot believe what I just watched!! 🏏",reaction,https://www.reddit.com/r/Cricket/comments/match_thread_live/
"My heart cannot take this. 8 runs off 3 balls and Bumrah is bowling. We are absolutely cooked.",reaction,https://www.reddit.com/r/Cricket/comments/match_thread_live/
"OUT!! LBW! How did he miss that?! That was plumb as they come!!",reaction,https://www.reddit.com/r/Cricket/comments/match_thread_live/
"I am shaking. We actually did it. I can't believe it. That last over was completely insane.",reaction,https://www.reddit.com/r/Cricket/comments/match_thread_live/
"Can't watch. Told my wife I'm going to bed but I'm actually watching on my phone under the covers right now.",reaction,https://www.reddit.com/r/Cricket/comments/match_thread_live/
"SIX!! Over the mid-wicket boundary like it was nothing!! WHAT A PLAYER!!",reaction,https://www.reddit.com/r/Cricket/comments/match_thread_live/
"Get him OUT already. I've had enough. This has been going on for 4 hours and I can't take it anymore.",reaction,https://www.reddit.com/r/Cricket/comments/match_thread_live/
"The dropped catch. THE DROPPED CATCH. How. HOW does that happen at this moment.",reaction,https://www.reddit.com/r/Cricket/comments/match_thread_live/
"We're going to win this aren't we? 40 off 6. I actually think we're going to do it.",reaction,https://www.reddit.com/r/Cricket/comments/match_thread_live/
"That decision is an absolute joke. That was hitting middle stump dead on. Complete nonsense from the umpire.",reaction,https://www.reddit.com/r/Cricket/comments/match_thread_live/
"500 up!! First Test century partnership of the series!! LET'S GOOOOO!!",reaction,https://www.reddit.com/r/Cricket/comments/match_thread_live/
"Noooo. Why. Why did he play that shot. We were so close. WHY would you play that there.",reaction,https://www.reddit.com/r/Cricket/comments/match_thread_live/
"Watching from a pub in London and the whole place just erupted. Unbelievable scenes in here right now.",reaction,https://www.reddit.com/r/Cricket/comments/match_thread_live/
"I haven't slept properly in 5 days because of this series. It's completely destroying me and I love every second of it.",reaction,https://www.reddit.com/r/Cricket/comments/match_thread_live/
"CENTURY!! He's done it!! Look at his face!! Pure emotion right there!! What a moment!!",reaction,https://www.reddit.com/r/Cricket/comments/match_thread_live/
"That's it. We've lost. I knew from the first over today we were going to lose. I just knew it.",reaction,https://www.reddit.com/r/Cricket/comments/match_thread_live/
"My hands are literally shaking typing this. 3 needed off 2 balls. Come on come on come on.",reaction,https://www.reddit.com/r/Cricket/comments/match_thread_live/
"BOWLED! Middle stump. Not even close. Absolutely castled him. What a delivery that was!!",reaction,https://www.reddit.com/r/Cricket/comments/match_thread_live/
"I had to turn the TV off. I couldn't watch another collapse. Someone please tell me what happened.",reaction,https://www.reddit.com/r/Cricket/comments/match_thread_live/
"The commentators are killing me with their jinxing. Every time they say England look settled something terrible happens.",reaction,https://www.reddit.com/r/Cricket/comments/match_thread_live/
"FOUR! Down the ground! Beautiful straight drive! That is how you play Test cricket!!",reaction,https://www.reddit.com/r/Cricket/comments/match_thread_live/
"Just woke up at 3am to check the score. 280-7. We're in it. Going back to sleep hoping for the best.",reaction,https://www.reddit.com/r/Cricket/comments/match_thread_live/
"I can't describe how I feel right now. Twenty years watching this team and that is the best moment I've ever seen.",reaction,https://www.reddit.com/r/Cricket/comments/match_thread_live/
"ABSOLUTELY SMASHED! That's going into the stands!! How far was that one??",reaction,https://www.reddit.com/r/Cricket/comments/match_thread_live/
"He's been out for 0 twice in three innings. Drop him. Drop him now. I don't care what anyone says.",reaction,https://www.reddit.com/r/Cricket/comments/match_thread_live/
"The noise in the ground is insane. I can hear it through my TV watching from my flat in Birmingham.",reaction,https://www.reddit.com/r/Cricket/comments/match_thread_live/
"DRS!! Review it!! REVIEW IT!! Oh no. Oh no it's hitting leg. YESSS IT'S GIVEN NOT OUT!!",reaction,https://www.reddit.com/r/Cricket/comments/match_thread_live/
"This is why I love cricket. Twenty overs of nothing and then absolute madness in the last two.",reaction,https://www.reddit.com/r/Cricket/comments/match_thread_live/
"I'm going to cry. I've been waiting for this team to win a series like this for years and it's finally happening.",reaction,https://www.reddit.com/r/Cricket/comments/match_thread_live/
"OUT! Clean bowled through the gate! That is a BEAUTIFUL delivery! Perfect outswinger at just the right moment!!",reaction,https://www.reddit.com/r/Cricket/comments/match_thread_live/
"Why is he bowling him? Why is that bowler still on? This makes absolutely no sense.",reaction,https://www.reddit.com/r/Cricket/comments/match_thread_live/
"The run out!!! Both batters at the same end!!! What just happened?!?! This match is chaos.",reaction,https://www.reddit.com/r/Cricket/comments/match_thread_live/
"Final over. Need 9. Can they do it? My heart honestly cannot handle this.",reaction,https://www.reddit.com/r/Cricket/comments/match_thread_live/
"That's an insult to the game. Two overs of wasted time just for DRS that showed it was plumb first time.",reaction,https://www.reddit.com/r/Cricket/comments/match_thread_live/
"He's so good. Honestly. When he's in form like this I would pay anything just to watch him bat today.",reaction,https://www.reddit.com/r/Cricket/comments/match_thread_live/
"GONE! Middle stump cartwheel!! CLEAN BOWLED!! THE ASHES ARE OURS!!",reaction,https://www.reddit.com/r/Cricket/comments/match_thread_live/
"Stop. Stop bowling short balls to him. He's pulling everything for four. WHY are they still doing this.",reaction,https://www.reddit.com/r/Cricket/comments/match_thread_live/
"I genuinely forgot I had work tomorrow watching this. Three-hour rain delay and I'm still completely here for it.",reaction,https://www.reddit.com/r/Cricket/comments/match_thread_live/
"That'll do. That is that. CHAMPIONS. CHAMPIONS. I have absolutely no words right now.",reaction,https://www.reddit.com/r/Cricket/comments/match_thread_live/
"Terrible shot. Terrible terrible terrible shot. We were in complete control and now look at the scorecard.",reaction,https://www.reddit.com/r/Cricket/comments/match_thread_live/
"The way he celebrated that fifty. You could tell this one meant everything to him. Lovely to see that.",reaction,https://www.reddit.com/r/Cricket/comments/match_thread_live/
"YESS!! Caught behind!! The slip cordon goes absolutely mental!! That's the opener gone for 7!!",reaction,https://www.reddit.com/r/Cricket/comments/match_thread_live/
"My dad and I are watching together for the first time in ages. Just texted him 'is this real?' He replied 'don't jinx it.'",reaction,https://www.reddit.com/r/Cricket/comments/match_thread_live/
"How many times are we going to give the same batter three lives in one innings. Three dropped catches. Three.",reaction,https://www.reddit.com/r/Cricket/comments/match_thread_live/
"The atmosphere in that stadium right now must be electric. 90,000 people watching this live. Absolutely incredible.",reaction,https://www.reddit.com/r/Cricket/comments/match_thread_live/
"We just need one wicket. ONE. Then the middle order crumbles every time. Just please give us one wicket.",reaction,https://www.reddit.com/r/Cricket/comments/match_thread_live/
"I'm watching from New Zealand at 2:30am. I will absolutely not regret this tomorrow morning. Totally worth it.",reaction,https://www.reddit.com/r/Cricket/comments/match_thread_live/
"That was not out. I don't care what Hawkeye says. That was never hitting the stumps. Complete robbery.",reaction,https://www.reddit.com/r/Cricket/comments/match_thread_live/
"The best cricket I've watched in 15 years. I am genuinely emotional at how good this series has been.",reaction,https://www.reddit.com/r/Cricket/comments/match_thread_live/
"FOUR MORE! Off the back foot through the covers! He is in the absolute zone right now!! Can't stop him!!",reaction,https://www.reddit.com/r/Cricket/comments/match_thread_live/
"I turned the match off to protect my mental health and then immediately turned it back on. I have zero willpower.",reaction,https://www.reddit.com/r/Cricket/comments/match_thread_live/
"Two run outs in five balls. I've never seen anything like this in a Test match ever. Complete and utter chaos.",reaction,https://www.reddit.com/r/Cricket/comments/match_thread_live/
"Everyone in this thread was writing England off an hour ago and now look at us. THIS IS WHY WE WATCH CRICKET.",reaction,https://www.reddit.com/r/Cricket/comments/match_thread_live/
"That's the catch of the match. Of the series. Possibly of the year. Diving full stretch at cover. STUNNING.",reaction,https://www.reddit.com/r/Cricket/comments/match_thread_live/
"I feel physically sick. We had this match. We absolutely had it. They did not deserve to win today.",reaction,https://www.reddit.com/r/Cricket/comments/match_thread_live/
"He just keeps going. 80 now. 90 now. Someone please stop him. No one can bowl to him today.",reaction,https://www.reddit.com/r/Cricket/comments/match_thread_live/
"OVER. WE WIN. I'm going to be absolutely insufferable about this for months and I do not care at all.",reaction,https://www.reddit.com/r/Cricket/comments/match_thread_live/
"Quiet in the pub suddenly. That wicket just changed the whole atmosphere in here. You could physically feel it.",reaction,https://www.reddit.com/r/Cricket/comments/match_thread_live/
"My son just walked in and asked why I was crying. Cricket, son. Just cricket.",reaction,https://www.reddit.com/r/Cricket/comments/match_thread_live/
"REVERSE SWING!! Beautiful in-swinging yorker at 91mph!! RIGHT THROUGH THE GATE!! HE'S BEEN CLEANED UP!!",reaction,https://www.reddit.com/r/Cricket/comments/match_thread_live/
"We're going to bottle this aren't we. I know this team. We always find a way to bottle it when we're close.",reaction,https://www.reddit.com/r/Cricket/comments/match_thread_live/
"Just got home from work and checked the score. 8 wickets down still 40 behind. Watching until the bitter end regardless.",reaction,https://www.reddit.com/r/Cricket/comments/match_thread_live/
"I haven't eaten since lunch because I literally cannot leave the TV. This match has taken over my entire life.",reaction,https://www.reddit.com/r/Cricket/comments/match_thread_live/
"WIDE! How is that a wide?! That was clearly in the channel! Absolutely awful umpiring today.",reaction,https://www.reddit.com/r/Cricket/comments/match_thread_live/
"The last time I felt like this about cricket was 2005. Something genuinely special is happening this summer.",reaction,https://www.reddit.com/r/Cricket/comments/match_thread_live/
"STUMPED!! Quick as lightning!! He didn't even see it coming!! Perfect stumping from the keeper!!",reaction,https://www.reddit.com/r/Cricket/comments/match_thread_live/
"This pitch is an absolute lottery. No one can predict what it's going to do next. Pure lottery cricket.",reaction,https://www.reddit.com/r/Cricket/comments/match_thread_live/
"I'm going to be completely useless at work tomorrow because of this match and I have genuinely zero regrets.",reaction,https://www.reddit.com/r/Cricket/comments/match_thread_live/
"INCREDIBLE!! That winning run was hit at midnight local time and I'm out in the street celebrating with total strangers. CRICKET!!",reaction,https://www.reddit.com/r/Cricket/comments/match_thread_live/
"England's batting collapses under Flintoff's captaincy in 2007 were not as bad as memory suggests — they had the 3rd-highest team batting average that year. The problem was bowling where they ranked 8th. Memory distorts the diagnosis.",analysis,https://www.reddit.com/r/Cricket/comments/goat_debate_thread/
"India's away Test record when they bat at number three with a specialist batter (average 44.8) is 12 points higher than when they use an allrounder there (32.6). The number three position drives their overseas results more than any other.",analysis,https://www.reddit.com/r/Cricket/comments/series_discussion_ind_eng/
"The ICC women's T20 World Cup shows that teams with two dedicated pace bowlers win 64% of knockout matches compared to 41% for pace-light sides. The pace bowling depth gap is the single biggest structural difference between elite and developing programs.",analysis,https://www.reddit.com/r/Cricket/comments/goat_debate_thread/
"Test cricket should go back to six balls per over maximum. The eight-ball over experiment in Australia during the 1980s showed no meaningful improvement in scoring rates and was quietly abandoned for good reason.",hot_take,https://www.reddit.com/r/Cricket/comments/goat_debate_thread/
"The IPL auction system is rigged to favour the big franchises every single time and everyone in cricket knows it. The smaller franchises have no real chance.",hot_take,https://www.reddit.com/r/Cricket/comments/series_discussion_ind_eng/
"Warner is the most entertaining opener Test cricket has produced in the last twenty years. Nobody hit the ball harder in the first session and nobody lifted a team the way he could.",hot_take,https://www.reddit.com/r/Cricket/comments/goat_debate_thread/
"Every single team fears playing India at home in Tests. The conditions are brutal and the spinners are unplayable. If you cannot handle subcontinental conditions you have no business calling yourself elite.",hot_take,https://www.reddit.com/r/Cricket/comments/goat_debate_thread/
"Cricket commentary has gotten dramatically worse over the last decade. Too many ex-players who just laugh at their own jokes and state the obvious rather than actually analysing the game.",hot_take,https://www.reddit.com/r/Cricket/comments/goat_debate_thread/
"Buttler is the most dangerous white-ball batter England has ever produced. Not even a debate. His ability to demolish any bowling attack from ball one in any conditions sets him apart entirely.",hot_take,https://www.reddit.com/r/Cricket/comments/goat_debate_thread/
"Every Test team should play at least four overseas series every five years or their ICC ranking points should be penalised. Home advantage in Test cricket is out of control.",hot_take,https://www.reddit.com/r/Cricket/comments/series_discussion_ind_eng/
"The Dukes ball should be used globally in all Test cricket. The Kookaburra is inferior and the reason so many overseas Test series produce boring flat draws on good batting tracks.",hot_take,https://www.reddit.com/r/Cricket/comments/goat_debate_thread/
"Umpires should be allowed to award penalty runs for deliberate time-wasting. The current system of warnings achieves nothing and players take liberties every single series.",hot_take,https://www.reddit.com/r/Cricket/comments/series_discussion_ind_eng/
"McCullum as England Test coach is the most inspired appointment in English cricket history. He completely changed a broken culture in six months and turned a team that was being mocked into a side everyone wants to watch.",hot_take,https://www.reddit.com/r/Cricket/comments/goat_debate_thread/
"The pink ball should be retired permanently from Test cricket. The swing in the evening session is so extreme it makes the result a lottery rather than a proper contest of skill.",hot_take,https://www.reddit.com/r/Cricket/comments/series_discussion_ind_eng/
"If Flintoff had stayed fit for a full decade he would be considered the greatest allrounder England has ever produced with no argument. The injuries robbed him and the sport of something special.",hot_take,https://www.reddit.com/r/Cricket/comments/goat_debate_thread/
"Cricket Australia treat the Sheffield Shield like an afterthought and it's slowly killing the quality of Australian domestic cricket. The IPL has seduced their players and the domestic competition suffers.",hot_take,https://www.reddit.com/r/Cricket/comments/goat_debate_thread/
"Captains who win the toss should be forced to announce their decision before the pitch is inspected. The current system rewards reading the pitch rather than tactical conviction.",hot_take,https://www.reddit.com/r/Cricket/comments/series_discussion_ind_eng/
"OUT!! LBW REVIEW GIVEN!! That was rolling down leg the whole way but I'll take it!! GET IN!!",reaction,https://www.reddit.com/r/Cricket/comments/match_thread_live/
